5E-CF-7F-01-85-56,5ECF7F018556,5C-CF-7F-01-85-56,5CCF7F018556
5E-CF-7F-01-85-56,5ECF7F018556,5C-CF-7F-01-85-56,5CCF7F018556
5E-CF-7F-00-D2-2D,5ECF7F00D22D,5C-CF-7F-00-D2-2D,5CCF7F00D22D
5E-CF-7F-00-D2-2D,5ECF7F00D22D,5C-CF-7F-00-D2-2D,5CCF7F00D22D
5E-CF-7F-00-D2-2D,5ECF7F00D22D,5C-CF-7F-00-D2-2D,5CCF7F00D22D
1A-FE-34-DA-7B-BE,1AFE34DA7BBE,18-FE-34-DA-7B-BE,18FE34DA7BBE
1A-FE-34-DA-7B-BE,1AFE34DA7BBE,18-FE-34-DA-7B-BE,18FE34DA7BBE
86-F3-EB-73-FE-27,86F3EB73FE27,84-F3-EB-73-FE-27,84F3EB73FE27
86-F3-EB-73-FE-27,86F3EB73FE27,84-F3-EB-73-FE-27,84F3EB73FE27
86-F3-EB-73-FE-27,86F3EB73FE27,84-F3-EB-73-FE-27,84F3EB73FE27
86-F3-EB-73-FE-27,86F3EB73FE27,84-F3-EB-73-FE-27,84F3EB73FE27
86-F3-EB-73-FE-27,86F3EB73FE27,84-F3-EB-73-FE-27,84F3EB73FE27
62-01-94-53-14-65,620194531465,60-01-94-53-14-65,600194531465
62-01-94-53-14-65,620194531465,60-01-94-53-14-65,600194531465
86-F3-EB-63-D6-3E,86F3EB63D63E,84-F3-EB-63-D6-3E,84F3EB63D63E
82-7D-3A-79-24-F7,827D3A7924F7,80-7D-3A-79-24-F7,807D3A7924F7
82-7D-3A-3C-F8-A6,827D3A3CF8A6,80-7D-3A-3C-F8-A6,807D3A3CF8A6
BE-DD-C2-31-4D-6C,BEDDC2314D6C,BC-DD-C2-31-4D-6C,BCDDC2314D6C
86-0D-8E-AD-CC-48,860D8EADCC48,84-0D-8E-AD-CC-48,840D8EADCC48
BE-DD-C2-31-4D-6C,BEDDC2314D6C,BC-DD-C2-31-4D-6C,BCDDC2314D6C
BE-DD-C2-31-50-2A,BEDDC231502A,BC-DD-C2-31-50-2A,BCDDC231502A
BE-DD-C2-31-47-DA,BEDDC23147DA,BC-DD-C2-31-47-DA,BCDDC23147DA
DE-4F-22-58-1B-22,DE4F22581B22,DC-4F-22-58-1B-22,DC4F22581B22
DE-4F-22-58-1B-22,DE4F22581B22,DC-4F-22-58-1B-22,DC4F22581B22
BE-DD-C2-50-F4-59,BEDDC250F459,BC-DD-C2-50-F4-59,BCDDC250F459
BE-DD-C2-31-4D-6C,BEDDC2314D6C,BC-DD-C2-31-4D-6C,BCDDC2314D6C
6A-C6-3A-EA-61-C9,6AC63AEA61C9,68-C6-3A-EA-61-C9,68C63AEA61C9
86-F3-EB-63-D9-87,86F3EB63D987,84-F3-EB-63-D9-87,84F3EB63D987
86-F3-EB-63-D9-87,86F3EB63D987,84-F3-EB-63-D9-87,84F3EB63D987
4E-11-AE-06-93-E8,4E11AE0693E8,4C-11-AE-06-93-E8,4C11AE0693E8
A6-CF-12-DD-0A-5A,A6CF12DD0A5A,A4-CF-12-DD-0A-5A,A4CF12DD0A5A
86-F3-EB-63-D9-87,86F3EB63D987,84-F3-EB-63-D9-87,84F3EB63D987
86-F3-EB-63-D9-87,86F3EB63D987,84-F3-EB-63-D9-87,84F3EB63D987
86-F3-EB-63-D9-87,86F3EB63D987,84-F3-EB-63-D9-87,84F3EB63D987
86-F3-EB-63-D9-87,86F3EB63D987,84-F3-EB-63-D9-87,84F3EB63D987
86-F3-EB-63-D9-87,86F3EB63D987,84-F3-EB-63-D9-87,84F3EB63D987
86-F3-EB-63-D9-87,86F3EB63D987,84-F3-EB-63-D9-87,84F3EB63D987
86-F3-EB-63-D9-87,86F3EB63D987,84-F3-EB-63-D9-87,84F3EB63D987
